,Name,GST number,Aadhaar number
0,Andrew Thomas,29OCACM2276Z2Z7,368058558035
1,Bob Smith,03RYMCA5460G8Z3,239951268941
2,Nicholas White,15KFJCS3283Y8Z7,529284266208
3,Bob Jones,25IOFCV2852U5Z9,848104109118
4,Andrew Wilson,33TDNCA8846I0Z8,920393552984
5,Sophie Doe,06FNGCJ4319N5Z9,162614274871
6,Jacob Jones,09MIUCG6669Q6Z1,263098657547
7,Sophie Miller,31AXYCG1292R9Z2,381151130790
8,Lauren Smith,09SAOCV7762F3Z4,258961546402
9,Bob Thompson,12DPACR4290P6Z4,108399045319
10,Nicholas Williams,06SUFCU4204H8Z7,577822186785
11,Andrew Jones,33ZOSCY2912V9Z5,555999087159
12,Bob Garcia,10IJPCW7332A0Z5,452993513851
13,Sophie Moore,28GKLCK1599W2Z2,600178908311
14,Nicholas Brown,30RANCW6335W6Z7,173402175371
15,Jane Jackson,33XADCL3234M0Z3,281739877616
16,Nicholas Davis,15FKOCA5934M2Z9,704923507334
17,Sarah Taylor,12QQDCA7210T0Z2,275799634323
18,Jane Martin,22VUJCS8665T1Z3,750152419269
19,Bob Doe,11XYRCW9324S4Z8,255403871160
20,Daniel Harris,11YIXCA4541E4Z5,667831900585
21,Matthew Johnson,11RLVCO4860K6Z2,367182053793
22,Brandon Harris,09ZKACE7686Q7Z3,818517304356
23,Bob Anderson,31FMXCV7168L7Z6,147032506038
24,Lauren Jackson,24ABMCK9260K2Z4,908704663446
25,Jessica Harris,38HILCR7960N6Z0,435807573396
26,Sarah Miller,14WFMCA3525A3Z8,967286660310
27,Stephanie Johnson,13DHYCW8239D1Z2,978263707815
28,Sophie Brown,34HNCCZ5325S4Z6,293449307654
29,Stephanie Miller,17UERCE1172J9Z7,348382851204
30,Daniel Thompson,14TONCU2362U1Z9,769141585314
31,Ashley Brown,26JZRCO2671Q1Z6,852053295021
32,Jane Taylor,14RJOCO6889L3Z6,845313131674
33,Jane Thompson,02WCPCI6815S4Z5,986533869943
34,Amanda Thompson,32OZSCT6547V2Z9,800381528166
35,Jane Wilson,04WLICJ8578X9Z8,221099325574
36,Ashley Wilson,19ACUCA1782P7Z4,195913552862
37,Daniel Wilson,17FOTCZ7378I3Z0,502652758269
38,Jacob Smith,04ZZLCR7415Z6Z4,662123965512
39,Amanda Davis,24CEFCW7015L6Z0,193803376803
40,Andrew Smith,02QTMCJ3559M5Z1,442271116233
41,Sophie Brown,37OOYCM3869T0Z1,407596651431
42,Andrew Thomas,11YKBCV2537M1Z7,207975433341
43,Nicholas Jackson,14JBVCR8537W6Z1,793253514132
44,Andrew Thompson,06NSVCV5208X0Z3,559532405627
45,Michael White,20VEWCK9302B4Z7,202697871538
46,Matthew Harris,14UKLCP9947C1Z5,875195123225
47,Matthew Jones,03ICLCD1287K1Z4,790416663437
48,Sarah Martin,32AAKCW2557M2Z3,730919396935
49,Jacob Miller,23ZTOCH3311N3Z3,159794356265
50,Emily Harris,17AUYCU5030V1Z4,145807932051
51,Matthew Jackson,28IADCQ8303N1Z7,303515388068
52,Emily Thomas,21KQLCE4883E2Z6,796911022334
53,Sophie Martin,23FVWCV4098T6Z9,354413957429
54,Jacob Thomas,28GFUCS6408E7Z2,725487789237
55,Lauren Miller,15RPCCQ8110Y0Z1,593292550069
56,Jane Brown,16ZKFCF7245Z1Z7,328340941238
57,Bob Moore,33RMDCY9422V7Z3,586189427776
58,Lauren Williams,18JTVCJ8380T0Z7,207573191148
59,Brandon Miller,36YFSCV2454H0Z6,776709118273
60,Brandon Taylor,11QYVCC8523I8Z1,737880541042
61,Brandon Jackson,09CLHCZ5228E7Z9,294684250891
62,Brandon Jackson,16KBSCZ4358P4Z0,696661497091
63,Lauren Johnson,27IHXCO1359G6Z1,939488768609
64,Daniel Jackson,09DHPCQ9490F0Z9,373440635931
65,Nicholas Brown,10WCOCJ5515G7Z2,964543249879
66,Jane Williams,32XTACT2116U0Z7,737785278337
67,Bob Jones,17QDJCH8132S1Z4,377829868049
68,Sophie Brown,04BBMCN9796T3Z0,133283112237
69,Andrew Brown,09IFFCS2313J6Z1,237029699877
70,John Wilson,16JRZCV6195H9Z6,141532882092
71,Ashley Jones,36ZHACY9416R6Z9,398779695294
72,Andrew Johnson,02QIICP7953X4Z7,818634363776
73,Andrew Johnson,30XDKCS3121A8Z6,143556419887
74,Sophie Davis,07QQWCQ4709B4Z1,852585747466
75,Emily Garcia,10WIFCF1600U0Z1,388197249259
76,Sarah Thomas,22WKUCO8856S8Z6,371225811194
77,Amanda Miller,36HEACO8479E5Z0,727823106346
78,Michael Miller,34NEXCV1339L6Z4,984883656945
79,Bob White,32PLICX7594W3Z3,872468604121
80,Brandon Moore,08OTUCR2360X0Z7,891942788498
81,Daniel Davis,35GXQCC9452A8Z2,402415136540
82,Lauren Doe,04TTACI4378J7Z7,521087954016
83,Brandon Brown,31OQXCM3110H6Z7,634784620033
84,Brandon White,36AVFCH9358D5Z1,588722406003
85,Jacob Jackson,10SHECO7748H8Z3,574117402628
86,John Brown,07LMECD9843B7Z4,620962470104
87,John Davis,07OPOCL5316Z5Z7,158041694373
88,Brandon Thomas,33QWVCI9524H5Z5,718914247924
89,Daniel Garcia,10JWFCV8663N8Z9,237690401667
90,Ashley Thomas,03HVPCA6724G5Z7,641198874512
91,Emily Thompson,27SLJCZ8581J6Z0,566190409943
92,Jane Jackson,12ZJBCA9115O3Z3,473616390738
93,Nicholas Williams,34OTECQ9472Q9Z7,363475361547
94,Ashley Garcia,07YEFCO1643P7Z1,165379278736
95,Sarah Moore,29GWWCG5923Y3Z0,436092847924
96,Jane Doe,30UFFCI7662Q9Z3,600216019613
97,Jane Thompson,33SVSCK7107F6Z3,252924352013
98,Daniel Taylor,08MARCZ7437Q4Z0,183715180677
99,John Miller,31UYQCB1566C8Z0,772064632089
100,Lauren Jones,07ESDCW7495R0Z9,520395224084
101,Amanda Moore,31CJZCO1192E6Z1,983994258348
102,Jacob Johnson,06GQKCN9105K5Z7,151279113454
103,Stephanie Thomas,06ETYCN8557P2Z2,291860554195
104,Michael Smith,06PUPCE7151E9Z4,442356723106
105,Brandon White,13VKNCB3501Z7Z9,960242175690
106,Nicholas Jackson,07EOACG7596Q7Z5,886981424823
107,Ashley Harris,22WBVCZ8877W1Z2,921119375449
108,Amanda Johnson,25DUKCH2378E6Z1,776846242470
109,Daniel Wilson,06FIBCE9789K0Z4,904716718128
110,Emily Taylor,30IGLCL6673J9Z4,357499776953
111,Nicholas Moore,24OLGCM7365B3Z8,724260902637
112,Ashley Jones,11AFECI1106D8Z1,496339757159
113,Jessica Smith,22PAPCR4484Q4Z8,199272671026
114,Emily Thompson,12GORCV2461U2Z9,953613324943
115,Michael Davis,15GVHCO6125J0Z5,648735994962
116,Emily Davis,07JUYCJ9058P3Z3,260059095840
117,Emily Garcia,06OFTCL8360C4Z3,182977313949
118,Jacob Thompson,27JHNCC2263T2Z5,393552930396
119,Ashley Johnson,25BJJCM4285I6Z2,458636466302
120,Stephanie White,14CAGCH5102I4Z1,378815482193
121,Stephanie Moore,28KSJCT9742T3Z0,900636957702
122,Brandon Moore,31LVVCK3589F6Z7,539111416149
123,Emily Johnson,25HGICG3829W2Z2,960367144927
124,John Anderson,24RMHCN2051U3Z1,686417016535
125,Daniel Harris,06LBJCW9236Q4Z2,532621023792
126,Michael Martin,02UOICY9282W1Z8,727590691320
127,Jacob Thomas,38TFRCP9932T2Z0,671418441267
128,Matthew Miller,34KWGCZ2006F9Z3,315129364744
129,Matthew Williams,22SJDCY1093A2Z9,100790845004
130,Brandon Miller,26HOMCY5365V0Z1,337072659244
131,Michael Martin,15JZDCA1409D7Z1,708770873613
132,Amanda Williams,19NZVCA9136Y9Z0,613854106632
133,Daniel Williams,19DSWCD1143B4Z5,278253934565
134,Lauren Brown,25RYECS4968M9Z4,640266295150
135,Sophie Moore,09ZEPCQ5981W4Z5,734770802139
136,Andrew Williams,37LHWCR4897R2Z4,309931798217
137,Daniel Johnson,04TCHCV4892R2Z9,383576159572
138,John Davis,35NKRCD9484O1Z9,191923963632
139,Jacob Jackson,08BJBCX5260D8Z2,574636061255
140,Michael Martin,20GYXCY8235V1Z5,359346148326
141,Matthew Taylor,19HWOCR3570F9Z1,451931384923
142,Matthew Thomas,09JWJCL5325B4Z1,156632020059
143,Ashley Garcia,25VNJCV9727H8Z7,611679075860
144,Daniel Davis,18TPFCN3818G8Z6,202155043269
145,Emily Harris,37ZEACC8438Q5Z9,299065567949
146,Sophie Johnson,38OHLCF5695V9Z7,862543486306
147,Emily Anderson,37POVCE9236Q1Z8,220169097486
148,Ashley White,24KYMCS8891Q4Z0,294540513834
149,Emily Doe,35DLMCA7807E7Z6,559613042666
150,Ashley Taylor,23PGKCU5838O7Z8,932696209172
151,Daniel Martin,23XPCCP8177C9Z5,451959152819
152,Sarah Martin,08KUWCZ5594N0Z5,596721644710
153,Emily Harris,28JLICB6740O2Z8,436541156841
154,Sarah Taylor,36YEWCI3545R1Z8,146697640176
155,Jane Anderson,04TEUCM9620V6Z1,723176773244
156,Ashley Wilson,02NMXCF3347Z6Z1,534661313187
157,Jessica Smith,12FFACN4365W5Z5,498201587746
158,Ashley Thompson,03BVZCZ4818F0Z6,471830629235
159,Emily Doe,04YNICL5787X5Z9,897826822499
160,Amanda Harris,01FHVCS2893N7Z0,925490618807
161,Sarah Taylor,22OQICH2708T4Z5,583240933458
162,Ashley Johnson,03EULCR1079C0Z4,747187991171
163,Stephanie Anderson,11GZZCQ8339V8Z2,712267820445
164,Nicholas Doe,23OWUCI2997F9Z5,542152043838
165,Daniel Martin,10FFFCG7898D0Z2,611718028852
166,Jessica Wilson,20YATCZ7374Y5Z1,779644566476
167,Emily Williams,30QGJCC7457B4Z0,364641018061
168,John Martin,18BAYCG3831S8Z2,845643590857
169,Stephanie Jones,28JAVCJ4694P0Z8,569564744950
170,Lauren Anderson,07SMOCF6393F5Z6,459883582307
171,Nicholas Williams,18NQECE9150H7Z7,930601509788
172,Bob Thomas,28LTUCF8850E8Z0,729587665462
173,Ashley Brown,07VEJCW7430O8Z8,476924423355
174,Amanda Johnson,37ASXCD4712P1Z7,637381053688
175,Michael Moore,15HWDCQ3432U9Z4,413522124491
176,Sophie Jackson,01BKTCW3005U9Z3,927123245520
177,Nicholas Anderson,15UMCCM5257Q9Z7,177494731652
178,Stephanie Davis,32HZLCP2930D2Z2,803374865503
179,Matthew Anderson,10XSWCB2206U9Z6,301903503126
180,Ashley Garcia,01XWDCZ9716X5Z8,752670294546
181,Jacob Wilson,20CPBCJ4289K2Z7,389806197818
182,Sophie Davis,29VTZCT3884W5Z8,504763258688
183,Jessica Brown,29IZHCS4948D9Z0,614282225629
184,Andrew Moore,09HNKCD9346M8Z6,569373911135
185,Bob Harris,28RLFCR3541Q8Z1,230887935293
186,Amanda Doe,25OWICI6504P9Z5,284136915542
187,Emily Doe,17JGRCO5096D2Z2,653384223375
188,Jane Moore,27KDCCI6705A3Z7,248654985292
189,Lauren Johnson,35FAGCB9307U0Z8,775019562888
190,Bob Thompson,13ZASCQ2974T1Z7,226791662697
191,Lauren Williams,05QIVCU6374B2Z7,603388645049
192,Stephanie Jackson,03TQECC5521U6Z7,925699752909
193,Daniel Smith,37LDLCE8755E6Z9,630181352190
194,Lauren Brown,02HBBCU6948F8Z0,321416972007
195,Emily Thomas,37ECPCW4021Q9Z6,797575622710
196,Andrew Harris,27QYJCP4821N6Z1,805267421910
197,Stephanie Thomas,33LIUCV9013D4Z1,988821643015
198,Andrew Garcia,17NUVCY4627P5Z0,457859462062
199,Matthew Davis,23UKRCW8482Z0Z4,453279383704
